date,open_price,high_price,low_price,price,volume
2025-03-27,617.8855000907927,617.8855000907927,617.8855000907927,617.8855000907927,753910960.6847237
2025-03-28,637.6132125269871,637.6132125269871,637.6132125269871,637.6132125269871,2057147067.1925929
2025-03-29,619.5224559274657,619.5224559274657,619.5224559274657,619.5224559274657,1035501259.6012462
2025-03-30,604.0434442333641,604.0434442333641,604.0434442333641,604.0434442333641,842143967.4297414
2025-03-31,601.4706478405623,601.4706478405623,601.4706478405623,601.4706478405623,627788963.5666428
2025-04-01,605.503011770793,605.503011770793,605.503011770793,605.503011770793,971533504.8477681
2025-04-02,611.0283776490112,611.0283776490112,611.0283776490112,611.0283776490112,1657684601.5836525
2025-04-03,589.8692678191657,589.8692678191657,589.8692678191657,589.8692678191657,1345311302.234874
2025-04-04,592.4642522121785,592.4642522121785,592.4642522121785,592.4642522121785,1425802222.9961252
2025-04-05,597.7592047746326,597.7592047746326,597.7592047746326,597.7592047746326,757406570.5501016
2025-04-06,594.0888077893536,594.0888077893536,594.0888077893536,594.0888077893536,352847322.8179597
2025-04-07,554.4379559214581,554.4379559214581,554.4379559214581,554.4379559214581,768924462.5165749
2025-04-08,554.1601019762941,554.1601019762941,554.1601019762941,554.1601019762941,2333452106.558698
2025-04-09,553.3962669418149,553.3962669418149,553.3962669418149,553.3962669418149,932386850.4083754
2025-04-10,582.2597810033054,582.2597810033054,582.2597810033054,582.2597810033054,1253107793.6282017
2025-04-11,577.2921769307156,577.2921769307156,577.2921769307156,577.2921769307156,1043288449.4822325
2025-04-12,586.1297244063287,586.1297244063287,586.1297244063287,586.1297244063287,590735620.7426767
2025-04-13,596.9496743252538,596.9496743252538,596.9496743252538,596.9496743252538,481290566.3951808
2025-04-14,583.6441112439634,583.6441112439634,583.6441112439634,583.6441112439634,492926645.23925036
2025-04-15,584.5130373558429,584.5130373558429,584.5130373558429,584.5130373558429,530197263.3245282
2025-04-16,579.7117342988385,579.7117342988385,579.7117342988385,579.7117342988385,431419209.1282797
2025-04-17,582.9884895445316,582.9884895445316,582.9884895445316,582.9884895445316,590793445.4085172
2025-04-18,590.1449424870344,590.1449424870344,590.1449424870344,590.1449424870344,523349165.51611936
2025-04-19,591.7558249048697,591.7558249048697,591.7558249048697,591.7558249048697,560183796.0745611
2025-04-20,592.1191922418601,592.1191922418601,592.1191922418601,592.1191922418601,359734262.96070373
2025-04-21,592.9015532596577,592.9015532596577,592.9015532596577,592.9015532596577,427574407.8731377
2025-04-22,596.742721454172,596.742721454172,596.742721454172,596.742721454172,608725679.9225554
2025-04-23,617.6497009116878,617.6497009116878,617.6497009116878,617.6497009116878,924934985.74546
2025-04-24,606.1742820090113,606.1742820090113,606.1742820090113,606.1742820090113,1089223877.3345106
2025-04-25,602.1970676660677,602.1970676660677,602.1970676660677,602.1970676660677,775858994.180891
2025-04-26,600.1913883958081,600.1913883958081,600.1913883958081,600.1913883958081,941984394.0665632
2025-04-27,607.8085377229048,607.8085377229048,607.8085377229048,607.8085377229048,632964213.2153282
2025-04-28,603.5371460135477,603.5371460135477,603.5371460135477,603.5371460135477,548378967.0336518
2025-04-29,606.1285517158251,606.1285517158251,606.1285517158251,606.1285517158251,532276423.2081352
2025-04-30,600.5889575399475,600.5889575399475,600.5889575399475,600.5889575399475,779335060.0841132
2025-05-01,599.6302002732988,599.6302002732988,599.6302002732988,599.6302002732988,717769059.8961756
2025-05-02,599.5796914410877,599.5796914410877,599.5796914410877,599.5796914410877,586779850.2435153
2025-05-03,601.3244678537958,601.3244678537958,601.3244678537958,601.3244678537958,609320858.6024743
2025-05-04,599.2468842902798,599.2468842902798,599.2468842902798,599.2468842902798,383958586.52879804
2025-05-05,585.8899216562841,585.8899216562841,585.8899216562841,585.8899216562841,541509182.9932485
2025-05-06,597.9661578698278,597.9661578698278,597.9661578698278,597.9661578698278,712215748.698297
2025-05-07,603.0175211984405,603.0175211984405,603.0175211984405,603.0175211984405,821085162.8042526
2025-05-08,603.144369158166,603.144369158166,603.144369158166,603.144369158166,717897444.1413444
2025-05-09,628.2798237375861,628.2798237375861,628.2798237375861,628.2798237375861,1315286906.535402
2025-05-10,666.6606824091106,666.6606824091106,666.6606824091106,666.6606824091106,1717143713.0552378
2025-05-11,662.3379085253329,662.3379085253329,662.3379085253329,662.3379085253329,1549618220.9985394
2025-05-12,650.8664613901699,650.8664613901699,650.8664613901699,650.8664613901699,1186159482.5022006
2025-05-13,660.9533536861077,660.9533536861077,660.9533536861077,660.9533536861077,1968342045.487355
2025-05-14,666.2402578411695,666.2402578411695,666.2402578411695,666.2402578411695,1513422041.332075
2025-05-15,651.6490150180347,651.6490150180347,651.6490150180347,651.6490150180347,1223304236.5479276
2025-05-16,651.1362648113163,651.1362648113163,651.1362648113163,651.1362648113163,1206761924.2527664
2025-05-17,647.3412018782846,647.3412018782846,647.3412018782846,647.3412018782846,900231018.9448881
2025-05-18,639.5979769763185,639.5979769763185,639.5979769763185,639.5979769763185,679492837.9963502
2025-05-19,649.3806686821907,649.3806686821907,649.3806686821907,649.3806686821907,835970956.2085127
2025-05-20,651.0389804540937,651.0389804540937,651.0389804540937,651.0389804540937,825481514.59589
2025-05-21,650.951301036078,650.951301036078,650.951301036078,650.951301036078,763647929.5303316
2025-05-22,674.7138326551593,674.7138326551593,674.7138326551593,674.7138326551593,1565136776.7436197
2025-05-23,686.0302393255067,686.0302393255067,686.0302393255067,686.0302393255067,1382711893.5086522
2025-05-24,655.3681110510369,655.3681110510369,655.3681110510369,655.3681110510369,1217926335.781693
2025-05-25,667.9647953294073,667.9647953294073,667.9647953294073,667.9647953294073,693430871.7905037
2025-05-26,670.0121393931087,670.0121393931087,670.0121393931087,670.0121393931087,768619050.9190482
2025-05-27,673.7837605333261,673.7837605333261,673.7837605333261,673.7837605333261,666132639.4545316
2025-05-28,687.4363026293119,687.4363026293119,687.4363026293119,687.4363026293119,1078653384.123821
2025-05-29,687.631059296252,687.631059296252,687.631059296252,687.631059296252,824780509.8660014
2025-05-30,675.4110812815895,675.4110812815895,675.4110812815895,675.4110812815895,995474417.0429969
2025-05-31,656.2031380761879,656.2031380761879,656.2031380761879,656.2031380761879,923659967.2299035
2025-06-01,658.5726942750157,658.5726942750157,658.5726942750157,658.5726942750157,589938636.7962121
2025-06-02,661.3452261434389,661.3452261434389,661.3452261434389,661.3452261434389,513744446.15491945
2025-06-03,666.0561104906627,666.0561104906627,666.0561104906627,666.0561104906627,550346321.1131796
2025-06-04,661.17332497159,661.17332497159,661.17332497159,661.17332497159,717080413.430261
2025-06-05,663.70338541173,663.70338541173,663.70338541173,663.70338541173,585654885.1918986
2025-06-06,634.1479715861758,634.1479715861758,634.1479715861758,634.1479715861758,1050942219.4544812
2025-06-07,643.7566841456504,643.7566841456504,643.7566841456504,643.7566841456504,828491539.5454317
2025-06-08,650.7937997932994,650.7937997932994,650.7937997932994,650.7937997932994,464282809.21614456
2025-06-09,652.274428548494,652.274428548494,652.274428548494,652.274428548494,277471527.06296444
2025-06-10,666.3374143222443,666.3374143222443,666.3374143222443,666.3374143222443,720838499.864964
2025-06-11,673.4760595844963,673.4760595844963,673.4760595844963,673.4760595844963,915030301.0453427
2025-06-12,667.7388930109494,667.7388930109494,667.7388930109494,667.7388930109494,926482996.0464325
2025-06-13,656.4804964003403,656.4804964003403,656.4804964003403,656.4804964003403,833602957.1016513
2025-06-14,654.9095462616511,654.9095462616511,654.9095462616511,654.9095462616511,1091022440.7624466
2025-06-15,645.8086677048335,645.8086677048335,645.8086677048335,645.8086677048335,465113546.69991523
2025-06-16,648.2042600997396,648.2042600997396,648.2042600997396,648.2042600997396,342983199.2537816
2025-06-17,651.4813571171453,651.4813571171453,651.4813571171453,651.4813571171453,677081516.7980691
2025-06-18,648.799470473488,648.799470473488,648.799470473488,648.799470473488,919084069.2175109
2025-06-19,643.7728727892951,643.7728727892951,643.7728727892951,643.7728727892951,805534251.3963257
2025-06-20,644.3626647131019,644.3626647131019,644.3626647131019,644.3626647131019,530108876.6028053
2025-06-21,641.4660754156638,641.4660754156638,641.4660754156638,641.4660754156638,566416175.4191926
2025-06-22,626.5687672231079,626.5687672231079,626.5687672231079,626.5687672231079,506048055.8076519
2025-06-23,615.9200839908369,615.9200839908369,615.9200839908369,615.9200839908369,1152325722.5588028
2025-06-24,640.2543180324582,640.2543180324582,640.2543180324582,640.2543180324582,1018106255.6202904
2025-06-25,643.4133640920619,643.4133640920619,643.4133640920619,643.4133640920619,541068316.461594
2025-06-26,645.8665732235779,645.8665732235779,645.8665732235779,645.8665732235779,827204901.7289867
2025-06-27,642.4572030728536,642.4572030728536,642.4572030728536,642.4572030728536,624553271.4953628
2025-06-28,645.9995550778237,645.9995550778237,645.9995550778237,645.9995550778237,506712411.6691133
2025-06-29,648.766805209224,648.766805209224,648.766805209224,648.766805209224,346225669.1301844
2025-06-30,655.0764136195659,655.0764136195659,655.0764136195659,655.0764136195659,422629715.33849674
2025-07-01,657.0109566115938,657.0109566115938,657.0109566115938,657.0109566115938,695153815.9147367
2025-07-02,646.1777891600059,646.1777891600059,646.1777891600059,646.1777891600059,581547247.9770566
2025-07-03,660.0254823640146,660.0254823640146,660.0254823640146,660.0254823640146,758146950.3828626
2025-07-04,663.0154690088326,663.0154690088326,663.0154690088326,663.0154690088326,713062571.7212918
2025-07-05,653.1616270479346,653.1616270479346,653.1616270479346,653.1616270479346,635866546.3146216
2025-07-06,655.9253698398683,655.9253698398683,655.9253698398683,655.9253698398683,367646275.07166517
2025-07-07,663.0185149322261,663.0185149322261,663.0185149322261,663.0185149322261,562060051.2427313
2025-07-08,661.2876967099644,661.2876967099644,661.2876967099644,661.2876967099644,646920102.0613401
2025-07-09,660.7042150664093,660.7042150664093,660.7042150664093,660.7042150664093,659569899.7140087
2025-07-10,669.2613994307441,669.2613994307441,669.2613994307441,669.2613994307441,641678068.1682327
2025-07-11,685.1054482111715,685.1054482111715,685.1054482111715,685.1054482111715,1137433259.720816
2025-07-12,689.8418420972016,689.8418420972016,689.8418420972016,689.8418420972016,1909585413.5492668
2025-07-13,685.4703165458919,685.4703165458919,685.4703165458919,685.4703165458919,1045215775.1037439
2025-07-14,692.0429275667424,692.0429275667424,692.0429275667424,692.0429275667424,827022284.8266991
2025-07-15,689.3152771073793,689.3152771073793,689.3152771073793,689.3152771073793,1871816396.541036
2025-07-16,689.863427315096,689.863427315096,689.863427315096,689.863427315096,1508842031.6879208
2025-07-17,708.5580809732663,708.5580809732663,708.5580809732663,708.5580809732663,1723439341.1205275
2025-07-18,722.3981283678474,722.3981283678474,722.3981283678474,722.3981283678474,2159930031.483713
2025-07-19,729.5149107763856,729.5149107763856,729.5149107763856,729.5149107763856,3421946485.4001713
2025-07-20,732.9272514055848,732.9272514055848,732.9272514055848,732.9272514055848,1435654835.547203
2025-07-21,758.1392224608369,758.1392224608369,758.1392224608369,758.1392224608369,1798602738.0495224
2025-07-22,766.3958790528078,766.3958790528078,766.3958790528078,766.3958790528078,2452658270.4492984
2025-07-23,786.4807204757146,786.4807204757146,786.4807204757146,786.4807204757146,2644910595.3765583
2025-07-24,776.2226902262614,776.2226902262614,776.2226902262614,776.2226902262614,4430495787.544528
2025-07-25,771.2312622168195,771.2312622168195,771.2312622168195,771.2312622168195,2578577950.386883
2025-07-26,784.7856013546323,784.7856013546323,784.7856013546323,784.7856013546323,2074059703.484386
2025-07-27,794.2867236239222,794.2867236239222,794.2867236239222,794.2867236239222,892831867.5658532
2025-07-28,843.449638843771,843.449638843771,843.449638843771,843.449638843771,2256704380.679607
2025-07-29,822.2765976915088,822.2765976915088,822.2765976915088,822.2765976915088,3011452631.6826835
2025-07-30,805.1438193193468,805.1438193193468,805.1438193193468,805.1438193193468,2130673065.5019739
2025-07-31,793.8734614175534,793.8734614175534,793.8734614175534,793.8734614175534,1929266771.61827
2025-08-01,783.0023910772859,783.0023910772859,783.0023910772859,783.0023910772859,1662327372.5984204
2025-08-02,756.4574114847068,756.4574114847068,756.4574114847068,756.4574114847068,2187208851.563726
2025-08-03,736.6587769385911,736.6587769385911,736.6587769385911,736.6587769385911,937931586.0430179
2025-08-04,751.4001548118117,751.4001548118117,751.4001548118117,751.4001548118117,843114690.7269527
2025-08-05,768.5544340737234,768.5544340737234,768.5544340737234,768.5544340737234,1043307913.1061739
2025-08-06,754.7878000846929,754.7878000846929,754.7878000846929,754.7878000846929,1003756388.5618858
2025-08-07,769.8555506826906,769.8555506826906,769.8555506826906,769.8555506826906,990264468.5504694
2025-08-08,787.1948285374559,787.1948285374559,787.1948285374559,787.1948285374559,1091813946.3690848
2025-08-09,793.1777287850201,793.1777287850201,793.1777287850201,793.1777287850201,1187794735.3928044
2025-08-10,799.1991047067497,799.1991047067497,799.1991047067497,799.1991047067497,1105210829.293122
2025-08-11,804.8956334719561,804.8956334719561,804.8956334719561,804.8956334719561,1056685905.2138219
2025-08-12,806.8312185132748,806.8312185132748,806.8312185132748,806.8312185132748,1821705477.5453286
2025-08-13,834.446637547768,834.446637547768,834.446637547768,834.446637547768,1904274487.3355463
2025-08-14,849.5528663342336,849.5528663342336,849.5528663342336,849.5528663342336,2344964710.7509003
2025-08-15,842.2643191559952,842.2643191559952,842.2643191559952,842.2643191559952,3658447977.417383
2025-08-16,827.2916811192079,827.2916811192079,827.2916811192079,827.2916811192079,3425180338.790325
2025-08-17,839.0566611983465,839.0566611983465,839.0566611983465,839.0566611983465,1194989933.08169
2025-08-18,856.9424560582937,856.9424560582937,856.9424560582937,856.9424560582937,1237130937.218746
2025-08-19,848.2298792758197,848.2298792758197,848.2298792758197,848.2298792758197,1704077250.468268
2025-08-20,823.4566682430556,823.4566682430556,823.4566682430556,823.4566682430556,1577237801.835062
2025-08-21,870.0388548973078,870.0388548973078,870.0388548973078,870.0388548973078,2208912960.725439
2025-08-22,838.3671602294102,838.3671602294102,838.3671602294102,838.3671602294102,1808794551.8255882
2025-08-23,899.0447590707095,899.0447590707095,899.0447590707095,899.0447590707095,2403982643.652437
2025-08-24,880.2145462822662,880.2145462822662,880.2145462822662,880.2145462822662,1414960204.0565426
2025-08-25,876.0729413672346,876.0729413672346,876.0729413672346,876.0729413672346,1862920203.9639418
2025-08-26,840.2868104582814,840.2868104582814,840.2868104582814,840.2868104582814,1739476008.2601202
2025-08-27,864.1213024474413,864.1213024474413,864.1213024474413,864.1213024474413,1565511904.048617
2025-08-28,856.0552312979237,856.0552312979237,856.0552312979237,856.0552312979237,1274918054.4266574
2025-08-29,874.7487534677291,874.7487534677291,874.7487534677291,874.7487534677291,1665085112.0571768
2025-08-30,863.6575485254209,863.6575485254209,863.6575485254209,863.6575485254209,1531055975.6867678
2025-08-31,861.923469050824,861.923469050824,861.923469050824,861.923469050824,732100562.508858
2025-09-01,857.819601972643,857.819601972643,857.819601972643,857.819601972643,721993472.2873288
2025-09-02,845.916487927506,845.916487927506,845.916487927506,845.916487927506,1648305723.808358
2025-09-03,851.6937445280856,851.6937445280856,851.6937445280856,851.6937445280856,1322521810.3871567
2025-09-04,855.1110256828161,855.1110256828161,855.1110256828161,855.1110256828161,859226298.816796
2025-09-05,843.6735934362805,843.6735934362805,843.6735934362805,843.6735934362805,916745033.758285
2025-09-06,849.7184902459278,849.7184902459278,849.7184902459278,849.7184902459278,987362929.2356554
2025-09-07,861.6639369838142,861.6639369838142,861.6639369838142,861.6639369838142,841058634.1628499
2025-09-08,881.3845363246559,881.3845363246559,881.3845363246559,881.3845363246559,923155920.7210786
2025-09-09,878.2339242329539,878.2339242329539,878.2339242329539,878.2339242329539,1204256444.2143743
2025-09-10,879.833817211316,879.833817211316,879.833817211316,879.833817211316,1062899360.6770087
2025-09-11,893.578793274879,893.578793274879,893.578793274879,893.578793274879,1801977169.8109913
2025-09-12,902.876846974473,902.876846974473,902.876846974473,902.876846974473,1258971255.576734
2025-09-13,925.1660418381477,925.1660418381477,925.1660418381477,925.1660418381477,1589605226.0339465
2025-09-14,933.8971704994946,933.8971704994946,933.8971704994946,933.8971704994946,1640112370.864308
2025-09-15,926.8412817390542,926.8412817390542,926.8412817390542,926.8412817390542,1263377077.0891886
2025-09-16,919.2250351484705,919.2250351484705,919.2250351484705,919.2250351484705,1372293507.033996
2025-09-17,955.3487499241552,955.3487499241552,955.3487499241552,955.3487499241552,1924151991.340504
2025-09-18,991.3973181432295,991.3973181432295,991.3973181432295,991.3973181432295,2455896970.1542788
2025-09-19,982.076570691383,982.076570691383,982.076570691383,982.076570691383,2514178578.723519
2025-09-20,982.6879738189483,982.6879738189483,982.6879738189483,982.6879738189483,2194041676.02945
2025-09-21,1042.406078066426,1042.406078066426,1042.406078066426,1042.406078066426,2616933161.676639
2025-09-22,1048.5649851048527,1048.5649851048527,1048.5649851048527,1048.5649851048527,3053430923.1205482
2025-09-23,992.3881905006706,992.3881905006706,992.3881905006706,992.3881905006706,3676969354.8492184
2025-09-24,1017.4645009307637,1017.4645009307637,1017.4645009307637,1017.4645009307637,2922340144.9194756
2025-09-25,1018.067792712729,1018.067792712729,1018.067792712729,1018.067792712729,2488968495.0372467
2025-09-26,944.4003758447785,944.4003758447785,944.4003758447785,944.4003758447785,3413861577.3788505
2025-09-27,960.6805874196078,960.6805874196078,960.6805874196078,960.6805874196078,2464135246.7217975
2025-09-28,968.6806715896132,968.6806715896132,968.6806715896132,968.6806715896132,1580796543.5155156
2025-09-29,993.2079048442275,993.2079048442275,993.2079048442275,993.2079048442275,1062584120.7976861
2025-09-30,1030.030963111487,1030.030963111487,1030.030963111487,1030.030963111487,2136154304.7482347
2025-10-01,1008.9225311714104,1008.9225311714104,1008.9225311714104,1008.9225311714104,1848197871.390849
2025-10-02,1025.8187850123247,1025.8187850123247,1025.8187850123247,1025.8187850123247,1942259015.308578
2025-10-03,1090.3115640663682,1090.3115640663682,1090.3115640663682,1090.3115640663682,2670147496.089171
2025-10-04,1190.0540938314145,1190.0540938314145,1190.0540938314145,1190.0540938314145,4899140228.342193
2025-10-05,1149.536376093483,1149.536376093483,1149.536376093483,1149.536376093483,1730597418.8329225
2025-10-06,1165.4778023162069,1165.4778023162069,1165.4778023162069,1165.4778023162069,2435796155.3750944
2025-10-07,1224.574210222444,1224.574210222444,1224.574210222444,1224.574210222444,4284366311.1491776
2025-10-08,1311.712914691701,1311.712914691701,1311.712914691701,1311.712914691701,9739890116.464443
2025-10-09,1306.4812320510532,1306.4812320510532,1306.4812320510532,1306.4812320510532,5632418876.319237
2025-10-10,1255.8786646242372,1255.8786646242372,1255.8786646242372,1255.8786646242372,6718668117.932197
2025-10-11,1110.8141755974673,1110.8141755974673,1110.8141755974673,1110.8141755974673,8685141976.344122
2025-10-12,1138.1246823442061,1138.1246823442061,1138.1246823442061,1138.1246823442061,6948428633.056303
2025-10-13,1298.7908005975073,1298.7908005975073,1298.7908005975073,1298.7908005975073,9048144207.208094
2025-10-14,1293.0722313476617,1293.0722313476617,1293.0722313476617,1293.0722313476617,9460068400.641727
2025-10-15,1212.283351974494,1212.283351974494,1212.283351974494,1212.283351974494,8825438559.50392
2025-10-16,1161.734804798178,1161.734804798178,1161.734804798178,1161.734804798178,4682445531.806146
2025-10-17,1143.731369922843,1143.731369922843,1143.731369922843,1143.731369922843,4415901608.8116665
2025-10-18,1071.5486432574182,1071.5486432574182,1071.5486432574182,1071.5486432574182,5491967100.574252
2025-10-19,1092.456873698318,1092.456873698318,1092.456873698318,1092.456873698318,2404645661.2866297
2025-10-20,1109.7463758132928,1109.7463758132928,1109.7463758132928,1109.7463758132928,2451498835.8070607
2025-10-21,1100.594219041398,1100.594219041398,1100.594219041398,1100.594219041398,3059042679.759334
2025-10-22,1057.8502060144851,1057.8502060144851,1057.8502060144851,1057.8502060144851,3312841993.6151514
2025-10-23,1071.3354220022431,1071.3354220022431,1071.3354220022431,1071.3354220022431,2524047906.4061713
2025-10-24,1127.358071433892,1127.358071433892,1127.358071433892,1127.358071433892,4658465652.115295
2025-10-25,1109.178393744721,1109.178393744721,1109.178393744721,1109.178393744721,2264878475.243278
2025-10-26,1116.6415202338756,1116.6415202338756,1116.6415202338756,1116.6415202338756,1179990839.9169848
2025-10-27,1136.879092448019,1136.879092448019,1136.879092448019,1136.879092448019,1658756855.7714329
2025-10-28,1140.4846092726004,1140.4846092726004,1140.4846092726004,1140.4846092726004,3216378789.247939
2025-10-29,1103.595300080196,1103.595300080196,1103.595300080196,1103.595300080196,3071983545.353561
2025-10-30,1106.7871126244677,1106.7871126244677,1106.7871126244677,1106.7871126244677,3099158245.6172895
2025-10-31,1078.7188521029816,1078.7188521029816,1078.7188521029816,1078.7188521029816,3106355168.6806374
2025-11-01,1088.7331766998475,1088.7331766998475,1088.7331766998475,1088.7331766998475,3113520722.1821284
2025-11-02,1094.4541628666802,1094.4541628666802,1094.4541628666802,1094.4541628666802,1037807355.6051457
2025-11-03,1083.698416513334,1083.698416513334,1083.698416513334,1083.698416513334,1031503124.6500415
2025-11-04,992.195531851008,992.195531851008,992.195531851008,992.195531851008,3894432183.7340875
2025-11-05,938.891751599157,938.891751599157,938.891751599157,938.891751599157,4592001913.653611
2025-11-06,959.9701458776641,959.9701458776641,959.9701458776641,959.9701458776641,2676495284.5851297
2025-11-07,948.6793778409456,948.6793778409456,948.6793778409456,948.6793778409456,1960406697.5914152
2025-11-08,990.5899790534177,990.5899790534177,990.5899790534177,990.5899790534177,2698061350.925921
2025-11-09,989.8862403988059,989.8862403988059,989.8862403988059,989.8862403988059,1880988393.9904878
2025-11-10,996.308790029525,996.308790029525,996.308790029525,996.308790029525,1718843151.6878853
2025-11-11,991.3653787289568,991.3653787289568,991.3653787289568,991.3653787289568,1834279454.1310785
2025-11-12,957.149279725558,957.149279725558,957.149279725558,957.149279725558,1720439846.7132306
2025-11-13,952.9170115918621,952.9170115918621,952.9170115918621,952.9170115918621,1547574582.8027587
2025-11-14,927.1219876913323,927.1219876913323,927.1219876913323,927.1219876913323,2123958787.804254
2025-11-15,917.7022398201406,917.7022398201406,917.7022398201406,917.7022398201406,2858531583.3570466
2025-11-16,931.9743286141038,931.9743286141038,931.9743286141038,931.9743286141038,1205241688.99158
2025-11-17,928.5079796470696,928.5079796470696,928.5079796470696,928.5079796470696,1919661054.375172
2025-11-18,906.7197811831101,906.7197811831101,906.7197811831101,906.7197811831101,3283503372.7441425
2025-11-19,932.0597430569885,932.0597430569885,932.0597430569885,932.0597430569885,3005015188.212742
2025-11-20,894.7896141305321,894.7896141305321,894.7896141305321,894.7896141305321,2476207348.3480835
2025-11-21,866.7212975475668,866.7212975475668,866.7212975475668,866.7212975475668,2488925141.7757115
2025-11-22,831.1648478578168,831.1648478578168,831.1648478578168,831.1648478578168,4424065641.157903
2025-11-23,833.4782529297297,833.4782529297297,833.4782529297297,833.4782529297297,1537890915.9080956
2025-11-24,843.0327408998495,843.0327408998495,843.0327408998495,843.0327408998495,1306002441.4363518
2025-11-25,864.3540154398011,864.3540154398011,864.3540154398011,864.3540154398011,2065041400.9588752
2025-11-26,861.9171451304046,861.9171451304046,861.9171451304046,861.9171451304046,1496962340.5130074
2025-11-27,891.7232823713881,891.7232823713881,891.7232823713881,891.7232823713881,1449103064.2185059
2025-11-28,895.3979231885241,895.3979231885241,895.3979231885241,895.3979231885241,1318329005.593349
2025-11-29,887.5558493593282,887.5558493593282,887.5558493593282,887.5558493593282,1145367682.770756
2025-11-30,873.7626867754427,873.7626867754427,873.7626867754427,873.7626867754427,865485146.8078157
2025-12-01,877.7990241108373,877.7990241108373,877.7990241108373,877.7990241108373,934390096.0872817
2025-12-02,827.4880333310571,827.4880333310571,827.4880333310571,827.4880333310571,2564710118.0321436
2025-12-03,876.7469880502844,876.7469880502844,876.7469880502844,876.7469880502844,1999384470.0456862
2025-12-04,922.3452824680271,922.3452824680271,922.3452824680271,922.3452824680271,2062726216.677784
2025-12-05,900.2311130891073,900.2311130891073,900.2311130891073,900.2311130891073,1687004005.886419
2025-12-06,883.6707054897142,883.6707054897142,883.6707054897142,883.6707054897142,1528242896.5625634
2025-12-07,890.2442866831284,890.2442866831284,890.2442866831284,890.2442866831284,976591575.8687031
2025-12-08,892.8659344513236,892.8659344513236,892.8659344513236,892.8659344513236,1267574110.8170147
2025-12-09,897.4003709684328,897.4003709684328,897.4003709684328,897.4003709684328,1425833774.2488616
2025-12-10,899.4035882994448,899.4035882994448,899.4035882994448,899.4035882994448,1958799168.637301
2025-12-11,894.4021116794611,894.4021116794611,894.4021116794611,894.4021116794611,1842912394.8731253
2025-12-12,885.6320356392306,885.6320356392306,885.6320356392306,885.6320356392306,1658559102.7895744
2025-12-13,882.1612967807799,882.1612967807799,882.1612967807799,882.1612967807799,1215709823.9818652
2025-12-14,897.3110444563038,897.3110444563038,897.3110444563038,897.3110444563038,871174991.1034428
2025-12-15,878.3885175348196,878.3885175348196,878.3885175348196,878.3885175348196,1017448639.1154498
2025-12-16,858.4116623377057,858.4116623377057,858.4116623377057,858.4116623377057,1757948457.1941316
2025-12-17,874.6720838564994,874.6720838564994,874.6720838564994,874.6720838564994,1850367940.8959947
2025-12-18,842.7888780335543,842.7888780335543,842.7888780335543,842.7888780335543,2500106186.2544427
2025-12-19,829.1719378700606,829.1719378700606,829.1719378700606,829.1719378700606,2791384030.4837723
2025-12-20,855.957117266356,855.957117266356,855.957117266356,855.957117266356,5670988452.811656
2025-12-21,853.5635263159346,853.5635263159346,853.5635263159346,853.5635263159346,717833507.1498009
2025-12-22,857.8618459584029,857.8618459584029,857.8618459584029,857.8618459584029,803727030.2155951
2025-12-23,858.018474136862,858.018474136862,858.018474136862,858.018474136862,1315641870.276173
2025-12-24,843.9156558740143,843.9156558740143,843.9156558740143,843.9156558740143,995532572.4121732
2025-12-25,846.6127954902438,846.6127954902438,846.6127954902438,846.6127954902438,848705458.5824474
2025-12-26,828.8695540284072,828.8695540284072,828.8695540284072,828.8695540284072,735682841.2640332
2025-12-27,834.3408283262127,834.3408283262127,834.3408283262127,834.3408283262127,1083838293.2383966
2025-12-28,844.6780493960856,844.6780493960856,844.6780493960856,844.6780493960856,726652124.5702834
2025-12-29,858.791572988669,858.791572988669,858.791572988669,858.791572988669,728494104.5438432
2025-12-30,851.1900442578194,851.1900442578194,851.1900442578194,851.1900442578194,1260449454.778092
2025-12-31,860.3384247437768,860.3384247437768,860.3384247437768,860.3384247437768,1465833722.2047489
2026-01-01,863.1574666286001,863.1574666286001,863.1574666286001,863.1574666286001,1936922574.9322722
2026-01-02,862.9202786806326,862.9202786806326,862.9202786806326,862.9202786806326,997547906.5992901
2026-01-03,880.5981987516783,880.5981987516783,880.5981987516783,880.5981987516783,1650776021.9264174
2026-01-04,878.7329288702774,878.7329288702774,878.7329288702774,878.7329288702774,1018610976.0005002
2026-01-05,894.4508344273104,894.4508344273104,894.4508344273104,894.4508344273104,1279357981.9878118
2026-01-06,910.9079403595276,910.9079403595276,910.9079403595276,910.9079403595276,1534918832.2904541
2026-01-07,917.6345878314794,917.6345878314794,917.6345878314794,917.6345878314794,1617407942.4718144
2026-01-08,899.3115791273906,899.3115791273906,899.3115791273906,899.3115791273906,1669040949.1979966
2026-01-09,891.5992569838319,891.5992569838319,891.5992569838319,891.5992569838319,1512007590.3179083
2026-01-10,895.5121731855866,895.5121731855866,895.5121731855866,895.5121731855866,1062500372.9429797
2026-01-11,906.6887224157771,906.6887224157771,906.6887224157771,906.6887224157771,1304632995.1676254
2026-01-12,902.7664964152219,902.7664964152219,902.7664964152219,902.7664964152219,1089200673.3908803
2026-01-13,905.5295124491013,905.5295124491013,905.5295124491013,905.5295124491013,1416236647.4214528
2026-01-14,942.4122356291538,942.4122356291538,942.4122356291538,942.4122356291538,3023134995.2829003
2026-01-15,949.0987145957889,949.0987145957889,949.0987145957889,949.0987145957889,2255160714.02555
2026-01-16,930.8892064404015,930.8892064404015,930.8892064404015,930.8892064404015,1669241171.3133764
2026-01-17,937.687896295784,937.687896295784,937.687896295784,937.687896295784,1177907096.7776625
2026-01-18,946.9959081738135,946.9959081738135,946.9959081738135,946.9959081738135,1207141309.5977027
2026-01-19,933.8079144307845,933.8079144307845,933.8079144307845,933.8079144307845,1275798832.474469
2026-01-20,922.3076030339913,922.3076030339913,922.3076030339913,922.3076030339913,2470346209.8986206
2026-01-21,884.4648847958442,884.4648847958442,884.4648847958442,884.4648847958442,2173091202.289302
2026-01-22,882.3554922284878,882.3554922284878,882.3554922284878,882.3554922284878,2969106779.726366
2026-01-23,886.8801866366052,886.8801866366052,886.8801866366052,886.8801866366052,1219444876.7874093
2026-01-24,890.5047011445338,890.5047011445338,890.5047011445338,890.5047011445338,1127306040.1474164
2026-01-25,886.0721909071814,886.0721909071814,886.0721909071814,886.0721909071814,530513762.9125829
2026-01-26,864.4439519225823,864.4439519225823,864.4439519225823,864.4439519225823,1310262586.1889098
2026-01-27,878.6274796967367,878.6274796967367,878.6274796967367,878.6274796967367,1259874753.5993867
2026-01-28,897.6724320123695,897.6724320123695,897.6724320123695,897.6724320123695,1247423175.7103016
2026-01-29,901.2090745596357,901.2090745596357,901.2090745596357,901.2090745596357,1215717530.3090816
2026-01-30,867.7347946909455,867.7347946909455,867.7347946909455,867.7347946909455,3354101451.7359533
2026-01-31,857.3699420639612,857.3699420639612,857.3699420639612,857.3699420639612,2345749921.787442
2026-02-01,780.3315668159182,780.3315668159182,780.3315668159182,780.3315668159182,2662234945.505993
2026-02-02,757.9446598202101,757.9446598202101,757.9446598202101,757.9446598202101,1927504970.8607385
2026-02-03,775.3120806273045,775.3120806273045,775.3120806273045,775.3120806273045,2344630264.0359216
2026-02-04,753.6152462766961,753.6152462766961,753.6152462766961,753.6152462766961,1960437669.6417804
2026-02-05,699.2319544532423,699.2319544532423,699.2319544532423,699.2319544532423,2627088916.8071713
2026-02-06,604.901963859174,604.901963859174,604.901963859174,604.901963859174,4105549455.1091533
2026-02-07,657.306655291851,657.306655291851,657.306655291851,657.306655291851,3237219518.0847487
2026-02-08,647.57171670411,647.57171670411,647.57171670411,647.57171670411,1584371636.5518491
2026-02-09,641.3063396421284,641.3063396421284,641.3063396421284,641.3063396421284,994898115.8011318
2026-02-10,636.158470811873,636.158470811873,636.158470811873,636.158470811873,1276369127.1321113
2026-02-11,619.5022534339905,619.5022534339905,619.5022534339905,619.5022534339905,1021759793.9295112
2026-02-12,607.0100650556328,607.0100650556328,607.0100650556328,607.0100650556328,1547224348.7584748
2026-02-13,613.5884218776979,613.5884218776979,613.5884218776979,613.5884218776979,959253580.3854749
2026-02-14,618.6972942245542,618.6972942245542,618.6972942245542,618.6972942245542,1283501146.5138228
2026-02-15,633.314654350795,633.314654350795,633.314654350795,633.314654350795,793474923.1783898
2026-02-16,614.2781615559984,614.2781615559984,614.2781615559984,614.2781615559984,983279792.7361963
2026-02-17,626.9455367382164,626.9455367382164,626.9455367382164,626.9455367382164,800706232.6744035
2026-02-18,617.5002211755236,617.5002211755236,617.5002211755236,617.5002211755236,802874852.1015399
2026-02-19,604.7780192707222,604.7780192707222,604.7780192707222,604.7780192707222,820027524.6018764
2026-02-20,607.1450788289527,607.1450788289527,607.1450788289527,607.1450788289527,891516182.014514
2026-02-21,625.1658113899997,625.1658113899997,625.1658113899997,625.1658113899997,1142133263.586823
2026-02-22,625.9459360696097,625.9459360696097,625.9459360696097,625.9459360696097,606271036.5502301
2026-02-23,614.0943323849417,614.0943323849417,614.0943323849417,614.0943323849417,539067287.7829927
2026-02-24,595.841177275929,595.841177275929,595.841177275929,595.841177275929,1553730225.5898428
2026-02-25,583.919821904656,583.919821904656,583.919821904656,583.919821904656,1262821404.8610575
2026-02-26,628.2228200794851,628.2228200794851,628.2228200794851,628.2228200794851,2095902853.2404492
2026-02-27,625.9211039706134,625.9211039706134,625.9211039706134,625.9211039706134,2185021928.62165
2026-02-28,613.9686612193877,613.9686612193877,613.9686612193877,613.9686612193877,1166358389.1914895
2026-03-01,617.5322050027751,617.5322050027751,617.5322050027751,617.5322050027751,1209591660.7041028
2026-03-02,616.8269097979393,616.8269097979393,616.8269097979393,616.8269097979393,1186979235.562409
2026-03-03,637.4936332653224,637.4936332653224,637.4936332653224,637.4936332653224,1468743400.2500687
2026-03-04,633.9153172943332,633.9153172943332,633.9153172943332,633.9153172943332,1288690976.9448144
2026-03-05,657.5355575822484,657.5355575822484,657.5355575822484,657.5355575822484,1455437526.091997
2026-03-06,647.8545990969939,647.8545990969939,647.8545990969939,647.8545990969939,1126469725.743304
2026-03-07,627.3743722428251,627.3743722428251,627.3743722428251,627.3743722428251,917945561.1473391
2026-03-08,620.1335218839806,620.1335218839806,620.1335218839806,620.1335218839806,509923883.2711651
2026-03-09,611.9500451871007,611.9500451871007,611.9500451871007,611.9500451871007,672282092.2172055
2026-03-10,634.3477951671313,634.3477951671313,634.3477951671313,634.3477951671313,982004007.0334728
2026-03-11,641.6585289358178,641.6585289358178,641.6585289358178,641.6585289358178,881536476.9723201
2026-03-12,651.4385570212381,651.4385570212381,651.4385570212381,651.4385570212381,968330794.4655601
2026-03-13,652.3204295577726,652.3204295577726,652.3204295577726,652.3204295577726,849045547.638754
2026-03-14,656.0082976549179,656.0082976549179,656.0082976549179,656.0082976549179,1511406401.009564
2026-03-15,657.9077116578025,657.9077116578025,657.9077116578025,657.9077116578025,568442486.3376324
2026-03-16,673.7790391797466,673.7790391797466,673.7790391797466,673.7790391797466,850791964.7012388
2026-03-17,679.6057646827234,679.6057646827234,679.6057646827234,679.6057646827234,1687295599.150869
2026-03-18,668.4582026519276,668.4582026519276,668.4582026519276,668.4582026519276,1173435903.171768
2026-03-19,651.889478852474,651.889478852474,651.889478852474,651.889478852474,1250510505.1637778
2026-03-20,638.9476995490274,638.9476995490274,638.9476995490274,638.9476995490274,1092257056.730614
2026-03-21,642.2798347520329,642.2798347520329,642.2798347520329,642.2798347520329,959576064.1017348
2026-03-22,629.5885290033027,629.5885290033027,629.5885290033027,629.5885290033027,574119350.8234105
2026-03-23,626.2400112141628,626.2400112141628,626.2400112141628,626.2400112141628,954773587.3843673
2026-03-24,638.7006153893446,638.7006153893446,638.7006153893446,638.7006153893446,1699315951.250889
2026-03-25,638.2722605721722,638.2722605721722,638.2722605721722,638.2722605721722,978215304.2590938
2026-03-26,647.3180223384383,647.3180223384383,647.3180223384383,647.3180223384383,1021964769.0362132
2026-03-26,630.7605033243258,630.7605033243258,630.7605033243258,630.7605033243258,928054929.9530877
